,BDF1,tiempo
0,0.07413259959546561,0.7853981633974483
1,0.07110386676147379,1.5707963267948966
