,BDF3,tiempo
0,0.07812310148917212,0.7853981633974483
1,0.08045914433641375,1.5707963267948966
