,exp,tiempo
0,0.0003112016853177578,0.7853981633974483
1,0.00040825959807934707,1.5707963267948966
