,BDF2,tiempo
0,0.076457827327563,0.7853981633974483
1,0.07532914114299247,1.5707963267948966
