krylov_dim,l2_norm_sum,cpu_time
100,5.458793470012093,11.682830572128296
300,3.591144432533021,44.15908050537109
500,0.0002126578538364,198.56550121307373
600,0.00021265785381412706,372.62013363838196
