L2_norm_sum,max_CFL_number,cpu_time
64.86417597957947,1.0,8.305718898773193
7.103212879016582,1.0,7.361533164978027
