L2_norm_sum,max_CFL_number,cpu_time
8.383744399999102,1.0,7.320125341415405
