,BDF1,tiempo
0,0.03220611260509042,0.1
1,0.0385505699346077,0.2
2,0.05039366359825947,0.30000000000000004
3,0.05577818217354156,0.4
4,0.05460334658234014,0.5
5,0.04930176012209528,0.6
6,0.04208541571695567,0.7
7,0.034478653738480615,0.7999999999999999
8,0.027374243846337954,0.8999999999999999
9,0.021202840584451925,0.9999999999999999
