,BDF1,tiempo
0,0.032171660458392995,0.1
1,0.03851230240142409,0.2
2,0.05034508045548494,0.30000000000000004
3,0.05572394235932978,0.4
4,0.05454950905487822,0.5
5,0.049252464897630716,0.6
6,0.04204275677926978,0.7
7,0.03444323417072164,0.7999999999999999
8,0.027345749646207184,0.8999999999999999
9,0.021180481387494565,0.9999999999999999
