,exp,tiempo
0,1.8562696467204151e-09,0.1
1,2.583336563905917e-09,0.2
2,2.8838103527764726e-09,0.30000000000000004
3,2.7595826971976814e-09,0.4
4,2.4343985169508652e-09,0.5
5,2.0294980625041943e-09,0.6
6,1.6190221144917106e-09,0.7
7,1.2550158501222838e-09,0.7999999999999999
8,9.489906591202774e-10,0.8999999999999999
9,7.052026841692035e-10,0.9999999999999999
