,BDF3,tiempo
0,0.38259733804631585,0.1
1,0.32774043445833384,0.2
2,0.17143510134540133,0.30000000000000004
3,0.07649180044338084,0.4
4,0.037477523510137375,0.5
5,0.021546145908203466,0.6
6,0.013662015482185328,0.7
7,0.008890762498212716,0.7999999999999999
8,0.005712319513568535,0.8999999999999999
9,0.003603231539544638,0.9999999999999999
