,BDF2,tiempo
0,0.23611548169089341,0.1
1,0.2480274616431891,0.2
2,0.18582309000576444,0.30000000000000004
3,0.11857535231911742,0.4
4,0.07022260621348965,0.5
5,0.040129114769987206,0.6
6,0.02249327492678187,0.7
7,0.012457259665019985,0.7999999999999999
8,0.006839301219408588,0.8999999999999999
9,0.003727316938042372,0.9999999999999999
