,BDF3,tiempo
0,0.6186115029166251,0.1
1,0.5725709072685297,0.2
2,0.414160924337835,0.30000000000000004
3,0.2767019802604029,0.4
4,0.19372229951239284,0.5
5,0.1469109335460101,0.6
6,0.11699911425210491,0.7
7,0.09439341505313034,0.7999999999999999
8,0.07567042521693926,0.8999999999999999
9,0.060105859067665704,0.9999999999999999
