,BDF2,tiempo
0,0.4859908510701213,0.1
1,0.49811110301647077,0.2
2,0.4311817343518941,0.30000000000000004
3,0.3444716438852217,0.4
4,0.26512281760170253,0.5
5,0.2004459003622689,0.6
6,0.1500925886944223,0.7
7,0.11171637794660969,0.7999999999999999
8,0.08279269215085687,0.8999999999999999
9,0.06113272605485931,0.9999999999999999
