,BDF1,tiempo
0,0.17946061574922342,0.1
1,0.19634299054106236,0.2
2,0.22448533047453115,0.30000000000000004
3,0.23617405059307756,0.4
4,0.2336735898263647,0.5
5,0.22203999667198537,0.6
6,0.20514730248520371,0.7
7,0.18568428511449378,0.7999999999999999
8,0.16545163597359186,0.8999999999999999
9,0.14561195206593422,0.9999999999999999
