,BDF2,tiempo
0,1.4785377870624816,0.5
1,0.7664357809607241,1.0
