,BDF1,tiempo
0,0.8988968839955528,0.5
1,0.6627033554787919,1.0
