,BDF3,tiempo
0,1.7601847118328948,0.5
1,0.6854944953211298,1.0
