,exp,tiempo
0,4.932139361647381e-05,0.5
1,2.6615566487776937e-05,1.0
