,BDF1,tiempo
0,0.8028402079095771,0.5
1,0.4357860791723537,1.0
