,BDF1,tiempo
0,0.8078582622554661,0.5
1,0.43907270494152334,1.0
