,exp,tiempo
0,3.2887270154919344e-08,0.5
1,1.0161141924428748e-08,1.0
