,BDF3,tiempo
0,3.0979497574475205,0.5
1,0.46974900652265,1.0
