,exp,tiempo
0,2.012015970150802e-05,0.5
1,6.231375244384451e-06,1.0
