,BDF2,tiempo
0,2.1858145765791046,0.5
1,0.5872730062395423,1.0
