,BDF3,tiempo
0,0.006103218986287503,0.7853981633974483
1,0.006473673907347871,1.5707963267948966
