,exp,tiempo
0,9.684787201762732e-08,0.7853981633974483
1,1.6668814815153215e-07,1.5707963267948966
