,BDF2,tiempo
0,0.005845799359651453,0.7853981633974483
1,0.005674479505340886,1.5707963267948966
