,BDF1,tiempo
0,0.005495642322781642,0.7853981633974483
1,0.005055759868433425,1.5707963267948966
